Date_reported,Country_code,Country,WHO_region,New_cases,Cumulative_cases,New_deaths,Cumulative_deaths
1/3/2020,PH,Philippines,WPRO,0,0,0,0
1/4/2020,PH,Philippines,WPRO,0,0,0,0
1/5/2020,PH,Philippines,WPRO,0,0,0,0
1/6/2020,PH,Philippines,WPRO,0,0,0,0
1/7/2020,PH,Philippines,WPRO,0,0,0,0
1/8/2020,PH,Philippines,WPRO,0,0,0,0
1/9/2020,PH,Philippines,WPRO,0,0,0,0
1/10/2020,PH,Philippines,WPRO,0,0,0,0
1/11/2020,PH,Philippines,WPRO,0,0,0,0
1/12/2020,PH,Philippines,WPRO,0,0,0,0
1/13/2020,PH,Philippines,WPRO,0,0,0,0
1/14/2020,PH,Philippines,WPRO,0,0,0,0
1/15/2020,PH,Philippines,WPRO,0,0,0,0
1/16/2020,PH,Philippines,WPRO,0,0,0,0
1/17/2020,PH,Philippines,WPRO,0,0,0,0
1/18/2020,PH,Philippines,WPRO,0,0,0,0
1/19/2020,PH,Philippines,WPRO,0,0,0,0
1/20/2020,PH,Philippines,WPRO,0,0,0,0
1/21/2020,PH,Philippines,WPRO,0,0,0,0
1/22/2020,PH,Philippines,WPRO,0,0,0,0
1/23/2020,PH,Philippines,WPRO,0,0,0,0
1/24/2020,PH,Philippines,WPRO,0,0,0,0
1/25/2020,PH,Philippines,WPRO,0,0,0,0
1/26/2020,PH,Philippines,WPRO,0,0,0,0
1/27/2020,PH,Philippines,WPRO,0,0,0,0
1/28/2020,PH,Philippines,WPRO,0,0,0,0
1/29/2020,PH,Philippines,WPRO,0,0,0,0
1/30/2020,PH,Philippines,WPRO,0,0,0,0
1/31/2020,PH,Philippines,WPRO,1,1,0,0
2/1/2020,PH,Philippines,WPRO,0,1,0,0
2/2/2020,PH,Philippines,WPRO,0,1,1,1
2/3/2020,PH,Philippines,WPRO,1,2,0,1
2/4/2020,PH,Philippines,WPRO,0,2,0,1
2/5/2020,PH,Philippines,WPRO,0,2,0,1
2/6/2020,PH,Philippines,WPRO,1,3,0,1
2/7/2020,PH,Philippines,WPRO,0,3,0,1
2/8/2020,PH,Philippines,WPRO,0,3,0,1
2/9/2020,PH,Philippines,WPRO,0,3,0,1
2/10/2020,PH,Philippines,WPRO,0,3,0,1
2/11/2020,PH,Philippines,WPRO,0,3,0,1
2/12/2020,PH,Philippines,WPRO,0,3,0,1
2/13/2020,PH,Philippines,WPRO,0,3,0,1
2/14/2020,PH,Philippines,WPRO,0,3,0,1
2/15/2020,PH,Philippines,WPRO,0,3,0,1
2/16/2020,PH,Philippines,WPRO,0,3,0,1
2/17/2020,PH,Philippines,WPRO,0,3,0,1
2/18/2020,PH,Philippines,WPRO,0,3,0,1
2/19/2020,PH,Philippines,WPRO,0,3,0,1
2/20/2020,PH,Philippines,WPRO,0,3,0,1
2/21/2020,PH,Philippines,WPRO,0,3,0,1
2/22/2020,PH,Philippines,WPRO,0,3,0,1
2/23/2020,PH,Philippines,WPRO,0,3,0,1
2/24/2020,PH,Philippines,WPRO,0,3,0,1
2/25/2020,PH,Philippines,WPRO,0,3,0,1
2/26/2020,PH,Philippines,WPRO,0,3,0,1
2/27/2020,PH,Philippines,WPRO,0,3,0,1
2/28/2020,PH,Philippines,WPRO,0,3,0,1
2/29/2020,PH,Philippines,WPRO,0,3,0,1
3/1/2020,PH,Philippines,WPRO,0,3,0,1
3/2/2020,PH,Philippines,WPRO,0,3,0,1
3/3/2020,PH,Philippines,WPRO,0,3,0,1
3/4/2020,PH,Philippines,WPRO,0,3,0,1
3/5/2020,PH,Philippines,WPRO,0,3,0,1
3/6/2020,PH,Philippines,WPRO,0,3,0,1
3/7/2020,PH,Philippines,WPRO,2,5,0,1
3/8/2020,PH,Philippines,WPRO,1,6,0,1
3/9/2020,PH,Philippines,WPRO,4,10,0,1
3/10/2020,PH,Philippines,WPRO,10,20,0,1
3/11/2020,PH,Philippines,WPRO,13,33,0,1
3/12/2020,PH,Philippines,WPRO,16,49,1,2
3/13/2020,PH,Philippines,WPRO,3,52,3,5
3/14/2020,PH,Philippines,WPRO,12,64,3,8
3/15/2020,PH,Philippines,WPRO,47,111,3,11
3/16/2020,PH,Philippines,WPRO,29,140,1,12
3/17/2020,PH,Philippines,WPRO,2,142,0,12
3/18/2020,PH,Philippines,WPRO,45,187,7,19
3/19/2020,PH,Philippines,WPRO,15,202,-2,17
3/20/2020,PH,Philippines,WPRO,15,217,1,18
3/21/2020,PH,Philippines,WPRO,13,230,1,19
3/22/2020,PH,Philippines,WPRO,77,307,6,25
3/23/2020,PH,Philippines,WPRO,73,380,0,25
3/24/2020,PH,Philippines,WPRO,82,462,8,33
3/25/2020,PH,Philippines,WPRO,90,552,2,35
3/26/2020,PH,Philippines,WPRO,84,636,3,38
3/27/2020,PH,Philippines,WPRO,71,707,7,45
3/28/2020,PH,Philippines,WPRO,96,803,9,54
3/29/2020,PH,Philippines,WPRO,272,1075,14,68
3/30/2020,PH,Philippines,WPRO,343,1418,3,71
3/31/2020,PH,Philippines,WPRO,128,1546,17,88
4/1/2020,PH,Philippines,WPRO,538,2084,0,88
4/2/2020,PH,Philippines,WPRO,227,2311,8,96
4/3/2020,PH,Philippines,WPRO,322,2633,11,107
4/4/2020,PH,Philippines,WPRO,385,3018,29,136
4/5/2020,PH,Philippines,WPRO,76,3094,8,144
4/6/2020,PH,Philippines,WPRO,152,3246,8,152
4/7/2020,PH,Philippines,WPRO,414,3660,11,163
4/8/2020,PH,Philippines,WPRO,104,3764,14,177
4/9/2020,PH,Philippines,WPRO,106,3870,5,182
4/10/2020,PH,Philippines,WPRO,206,4076,21,203
4/11/2020,PH,Philippines,WPRO,119,4195,18,221
4/12/2020,PH,Philippines,WPRO,233,4428,26,247
4/13/2020,PH,Philippines,WPRO,220,4648,50,297
4/14/2020,PH,Philippines,WPRO,284,4932,18,315
4/15/2020,PH,Philippines,WPRO,291,5223,20,335
4/16/2020,PH,Philippines,WPRO,230,5453,14,349
4/17/2020,PH,Philippines,WPRO,207,5660,13,362
4/18/2020,PH,Philippines,WPRO,218,5878,25,387
4/19/2020,PH,Philippines,WPRO,209,6087,10,397
4/20/2020,PH,Philippines,WPRO,172,6259,12,409
4/21/2020,PH,Philippines,WPRO,200,6459,19,428
4/22/2020,PH,Philippines,WPRO,140,6599,9,437
4/23/2020,PH,Philippines,WPRO,111,6710,9,446
4/24/2020,PH,Philippines,WPRO,271,6981,16,462
4/25/2020,PH,Philippines,WPRO,211,7192,15,477
4/26/2020,PH,Philippines,WPRO,102,7294,17,494
4/27/2020,PH,Philippines,WPRO,285,7579,7,501
4/28/2020,PH,Philippines,WPRO,198,7777,10,511
4/29/2020,PH,Philippines,WPRO,181,7958,19,530
4/30/2020,PH,Philippines,WPRO,254,8212,28,558
5/1/2020,PH,Philippines,WPRO,276,8488,10,568
5/2/2020,PH,Philippines,WPRO,284,8772,11,579
5/3/2020,PH,Philippines,WPRO,156,8928,24,603
5/4/2020,PH,Philippines,WPRO,295,9223,4,607
5/5/2020,PH,Philippines,WPRO,262,9485,16,623
5/6/2020,PH,Philippines,WPRO,199,9684,14,637
5/7/2020,PH,Philippines,WPRO,320,10004,21,658
5/8/2020,PH,Philippines,WPRO,339,10343,27,685
5/9/2020,PH,Philippines,WPRO,120,10463,11,696
5/10/2020,PH,Philippines,WPRO,147,10610,8,704
5/11/2020,PH,Philippines,WPRO,184,10794,15,719
5/12/2020,PH,Philippines,WPRO,292,11086,7,726
5/13/2020,PH,Philippines,WPRO,264,11350,25,751
5/14/2020,PH,Philippines,WPRO,268,11618,21,772
5/15/2020,PH,Philippines,WPRO,258,11876,18,790
5/16/2020,PH,Philippines,WPRO,215,12091,16,806
5/17/2020,PH,Philippines,WPRO,214,12305,11,817
5/18/2020,PH,Philippines,WPRO,208,12513,7,824
5/19/2020,PH,Philippines,WPRO,205,12718,7,831
5/20/2020,PH,Philippines,WPRO,224,12942,6,837
5/21/2020,PH,Philippines,WPRO,279,13221,5,842
5/22/2020,PH,Philippines,WPRO,213,13434,4,846
5/23/2020,PH,Philippines,WPRO,163,13597,11,857
5/24/2020,PH,Philippines,WPRO,180,13777,6,863
5/25/2020,PH,Philippines,WPRO,258,14035,5,868
5/26/2020,PH,Philippines,WPRO,284,14319,5,873
5/27/2020,PH,Philippines,WPRO,350,14669,13,886
5/28/2020,PH,Philippines,WPRO,380,15049,18,904
5/29/2020,PH,Philippines,WPRO,539,15588,17,921
5/30/2020,PH,Philippines,WPRO,1046,16634,21,942
5/31/2020,PH,Philippines,WPRO,590,17224,8,950
6/1/2020,PH,Philippines,WPRO,862,18086,7,957
6/2/2020,PH,Philippines,WPRO,552,18638,3,960
6/3/2020,PH,Philippines,WPRO,359,18997,6,966
6/4/2020,PH,Philippines,WPRO,751,19748,8,974
6/5/2020,PH,Philippines,WPRO,634,20382,10,984
6/6/2020,PH,Philippines,WPRO,244,20626,3,987
6/7/2020,PH,Philippines,WPRO,714,21340,7,994
6/8/2020,PH,Philippines,WPRO,555,21895,9,1003
6/9/2020,PH,Philippines,WPRO,579,22474,8,1011
6/10/2020,PH,Philippines,WPRO,518,22992,6,1017
6/11/2020,PH,Philippines,WPRO,740,23732,10,1027
6/12/2020,PH,Philippines,WPRO,440,24172,9,1036
6/13/2020,PH,Philippines,WPRO,613,24785,16,1052
6/14/2020,PH,Philippines,WPRO,606,25391,22,1074
6/15/2020,PH,Philippines,WPRO,539,25930,14,1088
6/16/2020,PH,Philippines,WPRO,487,26417,10,1098
6/17/2020,PH,Philippines,WPRO,364,26781,5,1103
6/18/2020,PH,Philippines,WPRO,456,27237,5,1108
6/19/2020,PH,Philippines,WPRO,561,27798,8,1116
6/20/2020,PH,Philippines,WPRO,659,28457,14,1130
6/21/2020,PH,Philippines,WPRO,942,29399,20,1150
6/22/2020,PH,Philippines,WPRO,652,30051,19,1169
6/23/2020,PH,Philippines,WPRO,624,30675,8,1177
6/24/2020,PH,Philippines,WPRO,1150,31825,9,1186
6/25/2020,PH,Philippines,WPRO,466,32291,18,1204
6/26/2020,PH,Philippines,WPRO,776,33067,8,1212
6/27/2020,PH,Philippines,WPRO,998,34065,12,1224
6/28/2020,PH,Philippines,WPRO,737,34802,12,1236
6/29/2020,PH,Philippines,WPRO,647,35449,8,1244
6/30/2020,PH,Philippines,WPRO,989,36438,11,1255
7/1/2020,PH,Philippines,WPRO,1076,37514,11,1266
7/2/2020,PH,Philippines,WPRO,997,38511,4,1270
7/3/2020,PH,Philippines,WPRO,294,38805,4,1274
7/4/2020,PH,Philippines,WPRO,1531,40336,6,1280
7/5/2020,PH,Philippines,WPRO,1494,41830,10,1290
7/6/2020,PH,Philippines,WPRO,2424,44254,7,1297
7/7/2020,PH,Philippines,WPRO,2079,46333,6,1303
7/8/2020,PH,Philippines,WPRO,1487,47820,6,1309
7/9/2020,PH,Philippines,WPRO,2502,50322,5,1314
7/10/2020,PH,Philippines,WPRO,1359,51681,4,1318
7/11/2020,PH,Philippines,WPRO,1154,52835,42,1360
7/12/2020,PH,Philippines,WPRO,1300,54135,12,1372
7/13/2020,PH,Philippines,WPRO,2124,56259,162,1534
7/14/2020,PH,Philippines,WPRO,652,56911,65,1599
7/15/2020,PH,Philippines,WPRO,547,57458,4,1603
7/16/2020,PH,Philippines,WPRO,1392,58850,11,1614
7/17/2020,PH,Philippines,WPRO,2310,61160,29,1643
7/18/2020,PH,Philippines,WPRO,1787,62947,17,1660
7/19/2020,PH,Philippines,WPRO,2268,65215,113,1773
7/20/2020,PH,Philippines,WPRO,2162,67377,58,1831
7/21/2020,PH,Philippines,WPRO,1436,68813,4,1835
7/22/2020,PH,Philippines,WPRO,1951,70764,2,1837
7/23/2020,PH,Philippines,WPRO,1426,72190,6,1843
7/24/2020,PH,Philippines,WPRO,2151,74341,28,1871
7/25/2020,PH,Philippines,WPRO,2052,76393,8,1879
7/26/2020,PH,Philippines,WPRO,1945,78338,18,1897
7/27/2020,PH,Philippines,WPRO,2045,80383,35,1932
7/28/2020,PH,Philippines,WPRO,1612,81995,13,1945
7/29/2020,PH,Philippines,WPRO,1678,83673,2,1947
7/30/2020,PH,Philippines,WPRO,1747,85420,15,1962
7/31/2020,PH,Philippines,WPRO,3871,89291,21,1983
8/1/2020,PH,Philippines,WPRO,3980,93271,40,2023
8/2/2020,PH,Philippines,WPRO,4882,98153,16,2039
8/3/2020,PH,Philippines,WPRO,4951,103104,20,2059
8/4/2020,PH,Philippines,WPRO,3226,106330,45,2104
8/5/2020,PH,Philippines,WPRO,6188,112518,11,2115
8/6/2020,PH,Philippines,WPRO,3381,115899,8,2123
8/7/2020,PH,Philippines,WPRO,3476,119375,27,2150
8/8/2020,PH,Philippines,WPRO,3284,122659,18,2168
8/9/2020,PH,Philippines,WPRO,4145,126804,41,2209
8/10/2020,PH,Philippines,WPRO,3109,129913,61,2270
8/11/2020,PH,Philippines,WPRO,6638,136551,23,2293
8/12/2020,PH,Philippines,WPRO,2756,139307,19,2312
8/13/2020,PH,Philippines,WPRO,4217,143524,92,2404
8/14/2020,PH,Philippines,WPRO,3921,147445,22,2426
8/15/2020,PH,Philippines,WPRO,6122,153567,16,2442
8/16/2020,PH,Philippines,WPRO,4351,157918,158,2600
8/17/2020,PH,Philippines,WPRO,3242,161160,65,2665
8/18/2020,PH,Philippines,WPRO,3217,164377,16,2681
8/19/2020,PH,Philippines,WPRO,4747,169124,6,2687
8/20/2020,PH,Philippines,WPRO,4559,173683,108,2795
8/21/2020,PH,Philippines,WPRO,4339,178022,88,2883
8/22/2020,PH,Philippines,WPRO,4343,182365,57,2940
8/23/2020,PH,Philippines,WPRO,4858,187223,26,2966
8/24/2020,PH,Philippines,WPRO,2343,189566,32,2998
8/25/2020,PH,Philippines,WPRO,4633,194199,12,3010
8/26/2020,PH,Philippines,WPRO,2885,197084,28,3038
8/27/2020,PH,Philippines,WPRO,5248,202332,99,3137
8/28/2020,PH,Philippines,WPRO,3213,205545,97,3234
8/29/2020,PH,Philippines,WPRO,3949,209494,91,3325
8/30/2020,PH,Philippines,WPRO,3618,213112,94,3419
8/31/2020,PH,Philippines,WPRO,4265,217377,101,3520
9/1/2020,PH,Philippines,WPRO,3404,220781,38,3558
9/2/2020,PH,Philippines,WPRO,3441,224222,39,3597
9/3/2020,PH,Philippines,WPRO,2194,226416,26,3623
9/4/2020,PH,Philippines,WPRO,1987,228403,65,3688
9/5/2020,PH,Philippines,WPRO,3638,232041,49,3737
9/6/2020,PH,Philippines,WPRO,2485,234526,53,3790
9/7/2020,PH,Philippines,WPRO,2818,237344,85,3875
9/8/2020,PH,Philippines,WPRO,1362,238706,15,3890
9/9/2020,PH,Philippines,WPRO,3281,241987,26,3916
9/10/2020,PH,Philippines,WPRO,3139,245126,70,3986
9/11/2020,PH,Philippines,WPRO,3798,248924,80,4066
9/12/2020,PH,Philippines,WPRO,4008,252932,42,4108
9/13/2020,PH,Philippines,WPRO,4931,257863,184,4292
9/14/2020,PH,Philippines,WPRO,3326,261189,79,4371
9/15/2020,PH,Philippines,WPRO,4674,265863,259,4630
9/16/2020,PH,Philippines,WPRO,3544,269407,33,4663
9/17/2020,PH,Philippines,WPRO,3507,272914,69,4732
9/18/2020,PH,Philippines,WPRO,3355,276269,53,4785
9/19/2020,PH,Philippines,WPRO,3257,279526,45,4830
9/20/2020,PH,Philippines,WPRO,3905,283431,100,4930
9/21/2020,PH,Philippines,WPRO,3284,286715,54,4984
9/22/2020,PH,Philippines,WPRO,3439,290154,15,4999
9/23/2020,PH,Philippines,WPRO,1604,291758,50,5049
9/24/2020,PH,Philippines,WPRO,2833,294591,42,5091
9/25/2020,PH,Philippines,WPRO,2148,296739,36,5127
9/26/2020,PH,Philippines,WPRO,2606,299345,69,5196
9/27/2020,PH,Philippines,WPRO,1886,301231,88,5284
9/28/2020,PH,Philippines,WPRO,2984,304215,60,5344
9/29/2020,PH,Philippines,WPRO,3063,307278,37,5381
9/30/2020,PH,Philippines,WPRO,1990,309268,67,5448
10/1/2020,PH,Philippines,WPRO,2396,311664,56,5504
10/2/2020,PH,Philippines,WPRO,2403,314067,58,5562
10/3/2020,PH,Philippines,WPRO,2589,316656,54,5616
10/4/2020,PH,Philippines,WPRO,2651,319307,62,5678
10/5/2020,PH,Philippines,WPRO,3164,322471,98,5776
10/6/2020,PH,Philippines,WPRO,2269,324740,64,5840
10/7/2020,PH,Philippines,WPRO,2072,326812,25,5865
10/8/2020,PH,Philippines,WPRO,2825,329637,60,5925
10/9/2020,PH,Philippines,WPRO,2232,331869,144,6069
10/10/2020,PH,Philippines,WPRO,2808,334677,83,6152
10/11/2020,PH,Philippines,WPRO,2162,336839,86,6238
10/12/2020,PH,Philippines,WPRO,2413,339252,83,6321
10/13/2020,PH,Philippines,WPRO,3471,342723,11,6332
10/14/2020,PH,Philippines,WPRO,1903,344626,40,6372
10/15/2020,PH,Philippines,WPRO,1811,346437,77,6449
10/16/2020,PH,Philippines,WPRO,2174,348611,48,6497
10/17/2020,PH,Philippines,WPRO,3052,351663,34,6531
10/18/2020,PH,Philippines,WPRO,2590,354253,72,6603
10/19/2020,PH,Philippines,WPRO,2266,356519,49,6652
10/20/2020,PH,Philippines,WPRO,2650,359169,23,6675
10/21/2020,PH,Philippines,WPRO,1565,360734,15,6690
10/22/2020,PH,Philippines,WPRO,1490,362224,57,6747
10/23/2020,PH,Philippines,WPRO,1652,363876,36,6783
10/24/2020,PH,Philippines,WPRO,1886,365762,132,6915
10/25/2020,PH,Philippines,WPRO,2043,367805,19,6934
10/26/2020,PH,Philippines,WPRO,2218,370023,43,6977
10/27/2020,PH,Philippines,WPRO,1607,371630,62,7039
10/28/2020,PH,Philippines,WPRO,1497,373127,14,7053
10/29/2020,PH,Philippines,WPRO,2053,375180,61,7114
10/30/2020,PH,Philippines,WPRO,1747,376927,33,7147
10/31/2020,PH,Philippines,WPRO,1999,378926,38,7185
11/1/2020,PH,Philippines,WPRO,1791,380717,36,7221
11/2/2020,PH,Philippines,WPRO,2385,383102,17,7238
11/3/2020,PH,Philippines,WPRO,2287,385389,31,7269
11/4/2020,PH,Philippines,WPRO,1772,387161,49,7318
11/5/2020,PH,Philippines,WPRO,965,388126,49,7367
11/6/2020,PH,Philippines,WPRO,1591,389717,42,7409
11/7/2020,PH,Philippines,WPRO,2087,391804,52,7461
11/8/2020,PH,Philippines,WPRO,2149,393953,24,7485
11/9/2020,PH,Philippines,WPRO,2438,396391,54,7539
11/10/2020,PH,Philippines,WPRO,2058,398449,108,7647
11/11/2020,PH,Philippines,WPRO,1295,399744,14,7661
11/12/2020,PH,Philippines,WPRO,1667,401411,49,7710
11/13/2020,PH,Philippines,WPRO,1409,402820,11,7721
11/14/2020,PH,Philippines,WPRO,1867,404687,31,7752
11/15/2020,PH,Philippines,WPRO,1621,406308,39,7791
11/16/2020,PH,Philippines,WPRO,1528,407836,41,7832
11/17/2020,PH,Philippines,WPRO,1738,409574,7,7839
11/18/2020,PH,Philippines,WPRO,1140,410714,23,7862
11/19/2020,PH,Philippines,WPRO,1379,412093,95,7957
11/20/2020,PH,Philippines,WPRO,1335,413428,41,7998
11/21/2020,PH,Philippines,WPRO,1633,415061,27,8025
11/22/2020,PH,Philippines,WPRO,1789,416850,55,8080
11/23/2020,PH,Philippines,WPRO,1965,418815,43,8123
11/24/2020,PH,Philippines,WPRO,1789,420604,50,8173
11/25/2020,PH,Philippines,WPRO,1118,421722,12,8185
11/26/2020,PH,Philippines,WPRO,1183,422905,30,8215
11/27/2020,PH,Philippines,WPRO,1382,424287,27,8242
11/28/2020,PH,Philippines,WPRO,1617,425904,13,8255
11/29/2020,PH,Philippines,WPRO,1886,427790,78,8333
11/30/2020,PH,Philippines,WPRO,2067,429857,40,8373
12/1/2020,PH,Philippines,WPRO,1770,431627,19,8392
12/2/2020,PH,Philippines,WPRO,1292,432919,26,8418
12/3/2020,PH,Philippines,WPRO,1433,434352,18,8436
12/4/2020,PH,Philippines,WPRO,1059,435411,10,8446
12/5/2020,PH,Philippines,WPRO,925,436336,63,8509
12/6/2020,PH,Philippines,WPRO,1730,438066,17,8526
12/7/2020,PH,Philippines,WPRO,1759,439825,28,8554
12/8/2020,PH,Philippines,WPRO,1560,441385,18,8572
12/9/2020,PH,Philippines,WPRO,1392,442777,98,8670
12/10/2020,PH,Philippines,WPRO,1379,444156,7,8677
12/11/2020,PH,Philippines,WPRO,1379,445535,24,8701
12/12/2020,PH,Philippines,WPRO,1495,447030,8,8709
12/13/2020,PH,Philippines,WPRO,1301,448331,21,8730
12/14/2020,PH,Philippines,WPRO,1063,449394,3,8733
12/15/2020,PH,Philippines,WPRO,1310,450704,24,8757
12/16/2020,PH,Philippines,WPRO,1128,451832,55,8812
12/17/2020,PH,Philippines,WPRO,1145,452977,21,8833
12/18/2020,PH,Philippines,WPRO,1463,454440,17,8850
12/19/2020,PH,Philippines,WPRO,2113,456553,25,8875
12/20/2020,PH,Philippines,WPRO,1482,458035,36,8911
12/21/2020,PH,Philippines,WPRO,1749,459784,36,8947
12/22/2020,PH,Philippines,WPRO,1717,461501,10,8957
12/23/2020,PH,Philippines,WPRO,1314,462815,64,9021
12/24/2020,PH,Philippines,WPRO,1133,463948,27,9048
12/25/2020,PH,Philippines,WPRO,1768,465716,7,9055
12/26/2020,PH,Philippines,WPRO,1883,467599,7,9062
12/27/2020,PH,Philippines,WPRO,1404,469003,5,9067
12/28/2020,PH,Philippines,WPRO,881,469884,42,9109
12/29/2020,PH,Philippines,WPRO,756,470640,15,9124
12/30/2020,PH,Philippines,WPRO,878,471518,38,9162
12/31/2020,PH,Philippines,WPRO,1005,472523,68,9230
1/1/2021,PH,Philippines,WPRO,1532,474055,14,9244
1/2/2021,PH,Philippines,WPRO,1764,475819,4,9248
1/3/2021,PH,Philippines,WPRO,1097,476916,5,9253
1/4/2021,PH,Philippines,WPRO,886,477802,4,9257
1/5/2021,PH,Philippines,WPRO,954,478756,6,9263
1/6/2021,PH,Philippines,WPRO,934,479690,58,9321
1/7/2021,PH,Philippines,WPRO,1047,480737,26,9347
1/8/2021,PH,Philippines,WPRO,1339,482076,9,9356
1/9/2021,PH,Philippines,WPRO,1769,483845,8,9364
1/10/2021,PH,Philippines,WPRO,1939,485784,34,9398
1/11/2021,PH,Philippines,WPRO,1900,487684,7,9405
1/12/2021,PH,Philippines,WPRO,2050,489734,11,9416
1/13/2021,PH,Philippines,WPRO,1513,491247,138,9554
1/14/2021,PH,Philippines,WPRO,1446,492693,145,9699
1/15/2021,PH,Philippines,WPRO,1905,494598,40,9739
1/16/2021,PH,Philippines,WPRO,2035,496633,137,9876
1/17/2021,PH,Philippines,WPRO,2049,498682,8,9884
1/18/2021,PH,Philippines,WPRO,1891,500573,11,9895
1/19/2021,PH,Philippines,WPRO,2159,502732,14,9909
1/20/2021,PH,Philippines,WPRO,1345,504077,69,9978
1/21/2021,PH,Philippines,WPRO,1857,505934,64,10042
1/22/2021,PH,Philippines,WPRO,1775,507709,74,10116
1/23/2021,PH,Philippines,WPRO,2173,509882,20,10136
1/24/2021,PH,Philippines,WPRO,1788,511670,54,10190
1/25/2021,PH,Philippines,WPRO,1949,513619,52,10242
1/26/2021,PH,Philippines,WPRO,1374,514993,50,10292
1/27/2021,PH,Philippines,WPRO,1169,516162,94,10386
1/28/2021,PH,Philippines,WPRO,2244,518406,95,10481
1/29/2021,PH,Philippines,WPRO,1158,519564,71,10552
1/30/2021,PH,Philippines,WPRO,1843,521407,48,10600
1/31/2021,PH,Philippines,WPRO,2108,523515,69,10669
2/1/2021,PH,Philippines,WPRO,2099,525614,80,10749
2/2/2021,PH,Philippines,WPRO,1656,527270,58,10807
2/3/2021,PH,Philippines,WPRO,1582,528852,67,10874
2/4/2021,PH,Philippines,WPRO,1257,530109,68,10942
2/5/2021,PH,Philippines,WPRO,1584,531693,55,10997
2/6/2021,PH,Philippines,WPRO,1887,533580,61,11058
2/7/2021,PH,Philippines,WPRO,1940,535520,52,11110
2/8/2021,PH,Philippines,WPRO,1785,537305,69,11179
2/9/2021,PH,Philippines,WPRO,1687,538992,52,11231
2/10/2021,PH,Philippines,WPRO,1223,540215,65,11296
2/11/2021,PH,Philippines,WPRO,1333,541548,105,11401
2/12/2021,PH,Philippines,WPRO,1730,543278,68,11469
2/13/2021,PH,Philippines,WPRO,2017,545295,26,11495
2/14/2021,PH,Philippines,WPRO,1953,547248,12,11507
2/15/2021,PH,Philippines,WPRO,1927,549175,8,11515
2/16/2021,PH,Philippines,WPRO,1680,550855,2,11517
2/17/2021,PH,Philippines,WPRO,1385,552240,7,11524
2/18/2021,PH,Philippines,WPRO,1179,553419,53,11577
2/19/2021,PH,Philippines,WPRO,1739,555158,96,11673
2/20/2021,PH,Philippines,WPRO,1900,557058,156,11829
2/21/2021,PH,Philippines,WPRO,2223,559281,239,12068
2/22/2021,PH,Philippines,WPRO,1887,561168,20,12088
2/23/2021,PH,Philippines,WPRO,2283,563451,6,12094
2/24/2021,PH,Philippines,WPRO,1412,564863,13,12107
2/25/2021,PH,Philippines,WPRO,1549,566412,22,12129
2/26/2021,PH,Philippines,WPRO,2264,568676,72,12201
2/27/2021,PH,Philippines,WPRO,2650,571326,46,12247
2/28/2021,PH,Philippines,WPRO,2913,574239,42,12289
3/1/2021,PH,Philippines,WPRO,2105,576344,29,12318
3/2/2021,PH,Philippines,WPRO,2031,578375,4,12322
3/3/2021,PH,Philippines,WPRO,2065,580440,47,12369
3/4/2021,PH,Philippines,WPRO,1775,582215,20,12389
3/5/2021,PH,Philippines,WPRO,2444,584659,15,12404
3/6/2021,PH,Philippines,WPRO,3040,587699,19,12423
3/7/2021,PH,Philippines,WPRO,3437,591136,42,12465
3/8/2021,PH,Philippines,WPRO,3271,594407,51,12516
3/9/2021,PH,Philippines,WPRO,3353,597760,5,12521
3/10/2021,PH,Philippines,WPRO,2662,600422,7,12528
3/11/2021,PH,Philippines,WPRO,2877,603299,17,12545
3/12/2021,PH,Philippines,WPRO,3741,607040,63,12608
3/13/2021,PH,Philippines,WPRO,4571,611611,86,12694
3/14/2021,PH,Philippines,WPRO,4988,616599,72,12766
3/15/2021,PH,Philippines,WPRO,4890,621489,63,12829
3/16/2021,PH,Philippines,WPRO,5394,626883,8,12837
3/17/2021,PH,Philippines,WPRO,4428,631311,11,12848
3/18/2021,PH,Philippines,WPRO,4383,635694,18,12866
3/19/2021,PH,Philippines,WPRO,5269,640963,21,12887
3/20/2021,PH,Philippines,WPRO,7094,648057,13,12900
3/21/2021,PH,Philippines,WPRO,7980,656037,30,12930
3/22/2021,PH,Philippines,WPRO,7736,663773,38,12968
3/23/2021,PH,Philippines,WPRO,8013,671786,4,12972
3/24/2021,PH,Philippines,WPRO,5861,677647,20,12992
3/25/2021,PH,Philippines,WPRO,6628,684275,47,13039
3/26/2021,PH,Philippines,WPRO,8743,693018,56,13095
3/27/2021,PH,Philippines,WPRO,9829,702847,54,13149
3/28/2021,PH,Philippines,WPRO,9570,712417,10,13159
3/29/2021,PH,Philippines,WPRO,9461,721878,11,13170
3/30/2021,PH,Philippines,WPRO,10007,731885,16,13186
3/31/2021,PH,Philippines,WPRO,9275,741160,5,13191
4/1/2021,PH,Philippines,WPRO,6107,747267,106,13297
4/2/2021,PH,Philippines,WPRO,8920,756187,6,13303
4/3/2021,PH,Philippines,WPRO,15280,771467,17,13320
4/4/2021,PH,Philippines,WPRO,12556,784023,103,13423
4/5/2021,PH,Philippines,WPRO,11020,795043,2,13425
4/6/2021,PH,Philippines,WPRO,8344,803387,10,13435
4/7/2021,PH,Philippines,WPRO,9363,812750,382,13817
4/8/2021,PH,Philippines,WPRO,6400,819150,242,14059
4/9/2021,PH,Philippines,WPRO,9179,828329,60,14119
4/10/2021,PH,Philippines,WPRO,12206,840535,401,14520
4/11/2021,PH,Philippines,WPRO,12652,853187,224,14744
4/12/2021,PH,Philippines,WPRO,11660,864847,201,14945
4/13/2021,PH,Philippines,WPRO,11365,876212,204,15149
4/14/2021,PH,Philippines,WPRO,8546,884758,137,15286
4/15/2021,PH,Philippines,WPRO,8098,892856,161,15447
4/16/2021,PH,Philippines,WPRO,11389,904245,147,15594
4/17/2021,PH,Philippines,WPRO,10706,914951,144,15738
4/18/2021,PH,Philippines,WPRO,11084,926035,72,15810
4/19/2021,PH,Philippines,WPRO,10082,936117,150,15960
4/20/2021,PH,Philippines,WPRO,9610,945727,88,16048
4/21/2021,PH,Philippines,WPRO,7353,953080,93,16141
4/22/2021,PH,Philippines,WPRO,9202,962282,124,16265
4/23/2021,PH,Philippines,WPRO,8739,971021,105,16370
4/24/2021,PH,Philippines,WPRO,8698,979719,159,16529
4/25/2021,PH,Philippines,WPRO,9680,989399,145,16674
4/26/2021,PH,Philippines,WPRO,8100,997499,109,16783
4/27/2021,PH,Philippines,WPRO,8915,1006414,70,16853
4/28/2021,PH,Philippines,WPRO,7186,1013600,63,16916
4/29/2021,PH,Philippines,WPRO,6862,1020462,115,17031
4/30/2021,PH,Philippines,WPRO,8250,1028712,114,17145
5/1/2021,PH,Philippines,WPRO,8715,1037427,89,17234
5/2/2021,PH,Philippines,WPRO,9210,1046637,120,17354
5/3/2021,PH,Philippines,WPRO,8333,1054970,77,17431
5/4/2021,PH,Philippines,WPRO,7240,1062210,94,17525
5/5/2021,PH,Philippines,WPRO,5660,1067870,97,17622
5/6/2021,PH,Philippines,WPRO,5665,1073535,178,17800
5/7/2021,PH,Philippines,WPRO,6617,1080152,191,17991
5/8/2021,PH,Philippines,WPRO,7718,1087870,108,18099
5/9/2021,PH,Philippines,WPRO,6964,1094834,170,18269
5/10/2021,PH,Philippines,WPRO,7146,1101980,203,18472
5/11/2021,PH,Philippines,WPRO,6833,1108813,90,18562
5/12/2021,PH,Philippines,WPRO,4704,1113517,58,18620
5/13/2021,PH,Philippines,WPRO,4822,1118339,94,18714
5/14/2021,PH,Philippines,WPRO,6344,1124683,107,18821
5/15/2021,PH,Philippines,WPRO,6765,1131448,137,18958
5/16/2021,PH,Philippines,WPRO,6725,1138173,93,19051
5/17/2021,PH,Philippines,WPRO,5773,1143946,140,19191
5/18/2021,PH,Philippines,WPRO,5955,1149901,71,19262
5/19/2021,PH,Philippines,WPRO,4470,1154371,110,19372
5/20/2021,PH,Philippines,WPRO,4684,1159055,135,19507
5/21/2021,PH,Philippines,WPRO,6083,1165138,134,19641
5/22/2021,PH,Philippines,WPRO,6248,1171386,122,19763
5/23/2021,PH,Philippines,WPRO,6821,1178207,183,19946
5/24/2021,PH,Philippines,WPRO,1584,1179791,5,19951
5/25/2021,PH,Philippines,WPRO,4909,1184700,32,19983
5/26/2021,PH,Philippines,WPRO,3966,1188666,36,20019
5/27/2021,PH,Philippines,WPRO,5281,1193947,150,20169
5/28/2021,PH,Philippines,WPRO,6459,1200406,210,20379
5/29/2021,PH,Philippines,WPRO,8733,1209139,187,20566
5/30/2021,PH,Philippines,WPRO,7430,1216569,156,20722
5/31/2021,PH,Philippines,WPRO,7048,1223617,138,20860
6/1/2021,PH,Philippines,WPRO,6673,1230290,106,20966
6/2/2021,PH,Philippines,WPRO,5169,1235459,46,21012
6/3/2021,PH,Philippines,WPRO,5223,1240682,146,21158
6/4/2021,PH,Philippines,WPRO,7205,1247887,199,21357
6/5/2021,PH,Philippines,WPRO,7431,1255318,180,21537
6/6/2021,PH,Philippines,WPRO,6932,1262250,195,21732
6/7/2021,PH,Philippines,WPRO,7215,1269465,166,21898
6/8/2021,PH,Philippines,WPRO,6531,1275996,71,21969
6/9/2021,PH,Philippines,WPRO,4759,1280755,95,22064
6/10/2021,PH,Philippines,WPRO,5447,1286202,126,22190
6/11/2021,PH,Philippines,WPRO,7461,1293663,122,22312
6/12/2021,PH,Philippines,WPRO,6662,1300325,195,22507
6/13/2021,PH,Philippines,WPRO,8012,1308337,145,22652
6/14/2021,PH,Philippines,WPRO,7290,1315627,136,22788
6/15/2021,PH,Philippines,WPRO,6415,1322042,57,22845
6/16/2021,PH,Philippines,WPRO,5376,1327418,118,22963
6/17/2021,PH,Philippines,WPRO,5402,1332820,158,23121
6/18/2021,PH,Philippines,WPRO,6623,1339443,155,23276
6/19/2021,PH,Philippines,WPRO,6818,1346261,109,23385
6/20/2021,PH,Philippines,WPRO,6951,1353212,153,23538
6/21/2021,PH,Philippines,WPRO,5778,1358990,83,23621
6/22/2021,PH,Philippines,WPRO,5238,1364228,128,23749
6/23/2021,PH,Philippines,WPRO,3651,1367879,60,23809
6/24/2021,PH,Philippines,WPRO,4338,1372217,119,23928
6/25/2021,PH,Philippines,WPRO,6024,1378241,108,24036
6/26/2021,PH,Philippines,WPRO,6799,1385040,116,24152
6/27/2021,PH,Philippines,WPRO,6856,1391896,92,24244
6/28/2021,PH,Philippines,WPRO,6088,1397984,128,24372
6/29/2021,PH,Philippines,WPRO,5595,1403579,84,24456
6/30/2021,PH,Philippines,WPRO,4471,1408050,101,24557
7/1/2021,PH,Philippines,WPRO,4492,1412542,105,24662
7/2/2021,PH,Philippines,WPRO,5784,1418326,135,24797
7/3/2021,PH,Philippines,WPRO,6185,1424511,176,24973
7/4/2021,PH,Philippines,WPRO,5892,1430403,90,25063
7/5/2021,PH,Philippines,WPRO,5951,1436354,86,25149
7/6/2021,PH,Philippines,WPRO,5364,1441718,43,25192
7/7/2021,PH,Philippines,WPRO,4103,1445821,104,25296
7/8/2021,PH,Philippines,WPRO,4280,1450101,163,25459
7/9/2021,PH,Philippines,WPRO,5473,1455574,191,25650
7/10/2021,PH,Philippines,WPRO,5870,1461444,70,25720
7/11/2021,PH,Philippines,WPRO,5665,1467109,96,25816
7/12/2021,PH,Philippines,WPRO,5754,1472863,99,25915
7/13/2021,PH,Philippines,WPRO,5193,1478056,100,26015
7/14/2021,PH,Philippines,WPRO,3595,1481651,77,26092
7/15/2021,PH,Philippines,WPRO,3793,1485444,140,26232
7/16/2021,PH,Philippines,WPRO,5208,1490652,82,26314
7/17/2021,PH,Philippines,WPRO,5667,1496319,162,26476
7/18/2021,PH,Philippines,WPRO,6025,1502344,122,26598
7/19/2021,PH,Philippines,WPRO,5401,1507745,116,26714
7/20/2021,PH,Philippines,WPRO,5642,1513387,72,26786
7/21/2021,PH,Philippines,WPRO,4502,1517889,58,26844
7/22/2021,PH,Philippines,WPRO,6549,1524438,30,26874
7/23/2021,PH,Philippines,WPRO,5814,1530252,17,26891
7/24/2021,PH,Philippines,WPRO,6814,1537066,0,26891
7/25/2021,PH,Philippines,WPRO,6210,1543276,240,27131
7/26/2021,PH,Philippines,WPRO,5456,1548732,93,27224
7/27/2021,PH,Philippines,WPRO,6502,1555234,23,27247
7/28/2021,PH,Philippines,WPRO,6955,1562189,71,27318
7/29/2021,PH,Philippines,WPRO,4364,1566553,83,27401
7/30/2021,PH,Philippines,WPRO,5709,1572262,176,27577
7/31/2021,PH,Philippines,WPRO,8556,1580818,145,27722
8/1/2021,PH,Philippines,WPRO,8136,1588954,167,27889
8/2/2021,PH,Philippines,WPRO,8641,1597595,127,28016
8/3/2021,PH,Philippines,WPRO,8067,1605662,77,28093
8/4/2021,PH,Philippines,WPRO,6820,1612482,48,28141
8/5/2021,PH,Philippines,WPRO,7207,1619689,90,28231
8/6/2021,PH,Philippines,WPRO,8033,1627722,196,28427
8/7/2021,PH,Philippines,WPRO,10608,1638330,246,28673
8/8/2021,PH,Philippines,WPRO,10997,1649327,162,28835
8/9/2021,PH,Philippines,WPRO,9487,1658814,287,29122
8/10/2021,PH,Philippines,WPRO,8782,1667596,6,29128
8/11/2021,PH,Philippines,WPRO,8423,1676019,92,29220
8/12/2021,PH,Philippines,WPRO,11905,1687924,154,29374
8/13/2021,PH,Philippines,WPRO,12201,1700125,165,29539
8/14/2021,PH,Philippines,WPRO,12857,1712982,299,29838
8/15/2021,PH,Philippines,WPRO,13885,1726867,232,30070
8/16/2021,PH,Philippines,WPRO,14369,1741236,270,30340
8/17/2021,PH,Philippines,WPRO,14404,1755640,26,30366
8/18/2021,PH,Philippines,WPRO,9770,1765410,96,30462
8/19/2021,PH,Philippines,WPRO,10698,1776108,161,30623
8/20/2021,PH,Philippines,WPRO,14461,1790569,258,30881
8/21/2021,PH,Philippines,WPRO,16788,1807357,317,31198
8/22/2021,PH,Philippines,WPRO,16234,1823591,398,31596
8/23/2021,PH,Philippines,WPRO,15723,1839314,214,31810
8/24/2021,PH,Philippines,WPRO,18310,1857624,151,31961
8/25/2021,PH,Philippines,WPRO,11891,1869515,303,32264
8/26/2021,PH,Philippines,WPRO,13372,1882887,228,32492
8/27/2021,PH,Philippines,WPRO,16127,1899014,236,32728
8/28/2021,PH,Philippines,WPRO,17652,1916666,113,32841
8/29/2021,PH,Philippines,WPRO,18829,1935495,167,33008
8/30/2021,PH,Philippines,WPRO,18341,1953836,101,33109
8/31/2021,PH,Philippines,WPRO,22194,1976030,221,33330
9/1/2021,PH,Philippines,WPRO,13709,1989739,118,33448
9/2/2021,PH,Philippines,WPRO,14216,2003955,85,33533
9/3/2021,PH,Philippines,WPRO,16303,2020258,147,33680
9/4/2021,PH,Philippines,WPRO,20085,2040343,193,33873
9/5/2021,PH,Philippines,WPRO,20622,2060965,189,34062
9/6/2021,PH,Philippines,WPRO,19951,2080916,172,34234
9/7/2021,PH,Philippines,WPRO,22380,2103296,103,34337
9/8/2021,PH,Philippines,WPRO,18001,2121297,161,34498
9/9/2021,PH,Philippines,WPRO,17775,2139072,174,34672
9/10/2021,PH,Philippines,WPRO,22734,2161806,61,34733
9/11/2021,PH,Philippines,WPRO,17912,2179718,166,34899
9/12/2021,PH,Philippines,WPRO,26238,2205956,79,34978
9/13/2021,PH,Philippines,WPRO,21370,2227326,167,35145
9/14/2021,PH,Philippines,WPRO,20684,2248010,162,35307
9/15/2021,PH,Philippines,WPRO,18012,2266022,222,35529
9/16/2021,PH,Philippines,WPRO,16909,2282931,213,35742
9/17/2021,PH,Philippines,WPRO,21208,2304139,276,36018
9/18/2021,PH,Philippines,WPRO,20277,2324416,310,36328
9/19/2021,PH,Philippines,WPRO,23062,2347478,255,36583
9/20/2021,PH,Philippines,WPRO,19271,2366749,205,36788
